spec_id,v1_term,v1_beta,v1_se,v1_hr,v1_hr_low,v1_hr_high,v1_p,v2_term,v2_beta,v2_se,v2_hr,v2_hr_low,v2_hr_high,v2_p,delta_hr,abs_delta_hr
spec_A,temp_grad_z:log_effort_record_z,0.192555867701808,0.0447502431862046,1.21234423270158,1.11053889783658,1.32348226741812,1.6857616141299e-05,climate_z:effort_z,0.193181245486428,0.0446602468002692,1.21310264297377,1.11142965242999,1.32407662434815,1.5213451834786e-05,8e-04,8e-04
spec_B,temp_grad_z:log_effort_visits_z,0.255955465386826,0.0452367484662599,1.29169520151262,1.18209872406413,1.4114527489501,1.5302998779085e-08,climate_z:effort_z,0.253153351770494,0.0451922004847912,1.28808079115952,1.17889391512849,1.40738034462864,2.12254206376271e-08,-0.0036,0.0036
spec_C,temp_grad_z:effort_pc1_z,0.162605452594169,0.0404401638801584,1.17657238451721,1.08691426435405,1.27362628443486,5.79786630404225e-05,climate_z:effort_z,0.169350846509595,0.0422230543668992,1.18453565622879,1.09045349475541,1.28673503971124,6.04974516038089e-05,0.008,0.008
spec_D,temp_grad_z:log_effort_days_z,0.268271682922136,0.0478529776880278,1.30770237215925,1.19062674702996,1.43629017105215,2.06858914196485e-08,climate_z:effort_z,0.262740086848392,0.0470321062670754,1.30048866091427,1.18596543807902,1.42607086417801,2.31826967733791e-08,-0.0072,0.0072
